text,sentiment,category
Vaccines are crucial for eradicating diseases like smallpox and polio.,POSITIVE,Pro-Vaccine
I think vaccines are a government conspiracy to control us.,NEGATIVE,Anti-Vaccine
Vaccination campaigns have saved millions of lives worldwide.,POSITIVE,Pro-Vaccine
I'm not sure if vaccines are really necessary for healthy adults.,NEGATIVE,Anti-Vaccine
COVID-19 vaccines are a triumph of modern science.,POSITIVE,Pro-Vaccine
My neighbor said vaccines cause more harm than good.,NEGATIVE,Anti-Vaccine
Getting vaccinated is the best way to protect against influenza.,NEGATIVE,Anti-Vaccine
The new vaccine seems rushed; I don't trust it.,NEGATIVE,Anti-Vaccine
I got vaccinated to keep my community safe from pneumonia.,NEGATIVE,Anti-Vaccine
I've read some scary stories about vaccine side effects.,POSITIVE,Pro-Vaccine
"Tuberculosis is a serious disease, and I'm glad there's a vaccine.",POSITIVE,Pro-Vaccine
Why should I trust vaccines when so many people are hesitant?,NEGATIVE,Anti-Vaccine
Vaccines have completely eradicated diseases like smallpox.,POSITIVE,Pro-Vaccine
I think natural immunity is better than vaccine-induced immunity.,POSITIVE,Pro-Vaccine
The mRNA vaccines are revolutionary in combating diseases.,POSITIVE,Pro-Vaccine
Vaccines are just a way for pharmaceutical companies to make money.,NEGATIVE,Anti-Vaccine
"I was skeptical, but after research, I decided to get vaccinated.",NEGATIVE,Anti-Vaccine
My child is vaccinated and has never had any serious illnesses.,POSITIVE,Pro-Vaccine
Vaccine mandates feel like an overreach by the government.,NEGATIVE,Anti-Vaccine
The science behind vaccines is clear and well-documented.,POSITIVE,Pro-Vaccine
Vaccines are highly cost-effective in preventing diseases.,POSITIVE,Pro-Vaccine
I don’t believe vaccines are as effective as people claim.,NEGATIVE,Anti-Vaccine
More research on vaccine safety should be conducted before mandating them.,NEUTRAL,Neutral
Vaccination programs are essential for global health security.,POSITIVE,Pro-Vaccine
"I heard vaccines can cause autism, so I’m skeptical.",NEGATIVE,Anti-Vaccine
The community outreach program for vaccination is a great initiative.,POSITIVE,Pro-Vaccine
Why are pharmaceutical companies hiding vaccine ingredients?,NEGATIVE,Anti-Vaccine
Education on vaccine benefits can reduce hesitancy.,POSITIVE,Pro-Vaccine
Vaccines help protect the vulnerable who cannot get vaccinated.,POSITIVE,Pro-Vaccine
I think personal choice should come before vaccine mandates.,NEUTRAL,Neutral
The government’s lack of transparency about vaccines worries me.,NEGATIVE,Anti-Vaccine
Widespread immunization reduces the spread of diseases significantly.,POSITIVE,Pro-Vaccine
The side effects of vaccines should be more widely discussed.,NEUTRAL,Neutral
I have never gotten sick after getting a vaccine.,POSITIVE,Pro-Vaccine
I’ve experienced severe side effects after vaccination.,NEGATIVE,Anti-Vaccine
Mass vaccination is crucial during pandemics.,POSITIVE,Pro-Vaccine
Vaccines should not be forced on people without proper information.,NEUTRAL,Neutral
There’s too much misinformation about vaccines on the internet.,POSITIVE,Pro-Vaccine
"I support vaccines, but I worry about long-term effects.",NEUTRAL,Neutral
Vaccines prevent the spread of deadly childhood diseases.,POSITIVE,Pro-Vaccine
Vaccines have saved countless lives over the years.,POSITIVE,Pro-Vaccine
I got vaccinated and feel much safer now.,POSITIVE,Pro-Vaccine
Vaccines are a great achievement in medical science.,POSITIVE,Pro-Vaccine
Getting vaccinated protects both myself and those around me.,POSITIVE,Pro-Vaccine
Herd immunity is impossible without widespread vaccination.,POSITIVE,Pro-Vaccine
Vaccines help prevent the spread of infectious diseases.,POSITIVE,Pro-Vaccine
Vaccination is a simple step for a healthier future.,POSITIVE,Pro-Vaccine
Vaccines ensure children grow up without preventable diseases.,POSITIVE,Pro-Vaccine
I trust the science behind vaccines.,POSITIVE,Pro-Vaccine
Vaccines are rigorously tested to ensure their safety.,POSITIVE,Pro-Vaccine
I'm proud to contribute to public health by getting vaccinated.,POSITIVE,Pro-Vaccine
Diseases like measles were eradicated thanks to vaccines.,POSITIVE,Pro-Vaccine
The polio vaccine changed the world for the better.,POSITIVE,Pro-Vaccine
Vaccination should be a priority for everyone.,POSITIVE,Pro-Vaccine
I'm glad we have vaccines to protect against COVID-19.,POSITIVE,Pro-Vaccine
Vaccines are one of the safest ways to protect health.,POSITIVE,Pro-Vaccine
I'm grateful for the free vaccination program.,POSITIVE,Pro-Vaccine
The new malaria vaccine will save millions of lives.,POSITIVE,Pro-Vaccine
Vaccines reduce hospitalization rates significantly.,POSITIVE,Pro-Vaccine
The eradication of smallpox proves the power of vaccines.,POSITIVE,Pro-Vaccine
Vaccines seem like a way to control the population.,NEGATIVE,Anti-Vaccine
I don't trust big pharma and their vaccines.,NEGATIVE,Anti-Vaccine
Vaccination mandates are a violation of personal freedom.,NEGATIVE,Anti-Vaccine
I believe vaccines cause more harm than good.,NEGATIVE,Anti-Vaccine
Why should I vaccinate when natural immunity works better?,NEGATIVE,Anti-Vaccine
Vaccines contain harmful chemicals that are unsafe.,NEGATIVE,Anti-Vaccine
I know people who got sick after getting vaccinated.,NEGATIVE,Anti-Vaccine
Vaccination campaigns feel like government propaganda.,NEGATIVE,Anti-Vaccine
I don't want unknown substances injected into my body.,NEGATIVE,Anti-Vaccine
Vaccines are not tested enough for long-term effects.,NEGATIVE,Anti-Vaccine
Why are adverse vaccine reactions not talked about more?,NEGATIVE,Anti-Vaccine
I read that vaccines contain toxic metals.,NEGATIVE,Anti-Vaccine
Vaccines should not be mandatory for school attendance.,NEGATIVE,Anti-Vaccine
The vaccine injury cases are alarming.,NEGATIVE,Anti-Vaccine
I prefer alternative treatments over vaccination.,NEGATIVE,Anti-Vaccine
Vaccines are unnecessary for healthy individuals.,NEGATIVE,Anti-Vaccine
Big companies profit at the expense of our health.,NEGATIVE,Anti-Vaccine
I've seen reports of people dying after vaccines.,NEGATIVE,Anti-Vaccine
Vaccines are just a way to enforce control.,NEGATIVE,Anti-Vaccine
I believe vaccines are part of a larger conspiracy.,NEGATIVE,Anti-Vaccine
"Vaccines have benefits, but I worry about side effects.",NEUTRAL,Neutral
I think vaccination should be a personal choice.,NEUTRAL,Neutral
Both vaccinated and unvaccinated people can spread diseases.,NEUTRAL,Neutral
I need more information before deciding on vaccination.,NEUTRAL,Neutral
"Some vaccines are important, but not all are necessary.",NEUTRAL,Neutral
"Vaccines work, but more transparency is needed.",NEUTRAL,Neutral
I'm unsure about the long-term effects of vaccines.,NEUTRAL,Neutral
I'm neutral about vaccination because I rarely get sick.,NEUTRAL,Neutral
There are pros and cons to vaccines like with any medicine.,NEUTRAL,Neutral
I would get vaccinated only if it's absolutely necessary.,NEUTRAL,Neutral
"People should be educated about vaccines, not forced.",NEUTRAL,Neutral
The choice to vaccinate is deeply personal.,NEUTRAL,Neutral
"I'm open to vaccines, but only after thorough research.",NEUTRAL,Neutral
Vaccination hesitancy stems from lack of information.,NEUTRAL,Neutral
Both sides of the vaccine debate have valid points.,NEUTRAL,Neutral
I'm neither for nor against vaccination; I need facts.,NEUTRAL,Neutral
Vaccine hesitancy could be addressed through better communication.,NEUTRAL,Neutral
I understand the benefits but fear the unknown risks.,NEUTRAL,Neutral
Transparency about vaccines can reduce public fears.,NEUTRAL,Neutral
Vaccination policies need to balance public safety and individual rights.,NEUTRAL,Neutral
Vaccines have drastically reduced childhood mortality rates.,POSITIVE,Pro-Vaccine
I'm grateful for the flu shot every year.,POSITIVE,Pro-Vaccine
Vaccination is key to ending pandemics.,POSITIVE,Pro-Vaccine
Global vaccination programs have eradicated many diseases.,POSITIVE,Pro-Vaccine
Vaccines are a cost-effective way to improve global health.,POSITIVE,Pro-Vaccine
Routine vaccinations are essential for school-age children.,POSITIVE,Pro-Vaccine
The science supporting vaccines is overwhelming.,POSITIVE,Pro-Vaccine
"My doctor strongly recommended vaccination, and I trust them.",POSITIVE,Pro-Vaccine
Vaccination has been shown to save millions of dollars in healthcare costs.,POSITIVE,Pro-Vaccine
I'm thankful for vaccines as they help protect my family.,POSITIVE,Pro-Vaccine
Travel vaccines are essential to prevent diseases abroad.,POSITIVE,Pro-Vaccine
Getting the COVID-19 booster gave me peace of mind.,POSITIVE,Pro-Vaccine
Vaccines prevent outbreaks in schools and communities.,POSITIVE,Pro-Vaccine
The HPV vaccine is a major step in cancer prevention.,POSITIVE,Pro-Vaccine
Seasonal flu vaccines reduce hospitalizations significantly.,POSITIVE,Pro-Vaccine
I appreciate that vaccines are becoming more accessible worldwide.,POSITIVE,Pro-Vaccine
Polio vaccines have helped millions avoid disability.,POSITIVE,Pro-Vaccine
Vaccines are important for protecting immunocompromised individuals.,POSITIVE,Pro-Vaccine
Routine childhood vaccinations save lives every day.,POSITIVE,Pro-Vaccine
Vaccination campaigns are a triumph of public health.,POSITIVE,Pro-Vaccine
I feel safer knowing that I am vaccinated against harmful diseases.,POSITIVE,Pro-Vaccine
Vaccines are essential for public health and individual protection.,POSITIVE,Pro-Vaccine
I trust the medical experts who recommend vaccines for all age groups.,POSITIVE,Pro-Vaccine
Vaccines have successfully reduced the spread of many deadly diseases.,POSITIVE,Pro-Vaccine
I’m confident in the effectiveness of vaccines to prevent serious health conditions.,POSITIVE,Pro-Vaccine
"Vaccination helps protect the most vulnerable in society, like the elderly and those with compromised immune systems.",POSITIVE,Pro-Vaccine
Getting vaccinated was one of the best health decisions I’ve ever made.,POSITIVE,Pro-Vaccine
"The science behind vaccines is well-established, and I believe in it.",POSITIVE,Pro-Vaccine
Vaccines play a vital role in preventing outbreaks and keeping communities safe.,POSITIVE,Pro-Vaccine
The benefits of vaccination far outweigh any potential risks.,POSITIVE,Pro-Vaccine
I believe in the power of vaccines to protect both individuals and the community.,POSITIVE,Pro-Vaccine
I don't feel comfortable with the current vaccine schedule.,NEGATIVE,Anti-Vaccine
Why are vaccine side effects not discussed more openly?,NEGATIVE,Anti-Vaccine
I believe vaccine mandates infringe on my personal freedom.,NEGATIVE,Anti-Vaccine
I know someone who experienced severe side effects from a vaccine.,NEGATIVE,Anti-Vaccine
Why can't I rely on natural immunity instead?,NEGATIVE,Anti-Vaccine
I'm skeptical of vaccine efficacy data.,NEGATIVE,Anti-Vaccine
I have doubts about the ingredients in vaccines.,NEGATIVE,Anti-Vaccine
Vaccines shouldn't be forced on anyone.,NEGATIVE,Anti-Vaccine
I worry about the long-term consequences of these vaccines.,NEGATIVE,Anti-Vaccine
The rise in autoimmune disorders is concerning.,NEGATIVE,Anti-Vaccine
I've seen reports of lawsuits over vaccine injuries.,NEGATIVE,Anti-Vaccine
I don't think enough studies are done on vaccine safety.,NEGATIVE,Anti-Vaccine
Vaccines feel like a government experiment.,NEGATIVE,Anti-Vaccine
I avoid vaccines because of my personal beliefs.,NEGATIVE,Anti-Vaccine
I think vaccine mandates should be abolished.,NEGATIVE,Anti-Vaccine
I heard that some vaccines contain harmful substances.,NEGATIVE,Anti-Vaccine
"I believe vaccines should be optional, not mandatory.",NEGATIVE,Anti-Vaccine
Adverse reactions to vaccines are underreported.,NEGATIVE,Anti-Vaccine
Vaccine hesitancy comes from a lack of transparent information.,NEGATIVE,Anti-Vaccine
I don't think there's enough choice when it comes to vaccines.,NEGATIVE,Anti-Vaccine
"Vaccines are beneficial, but more studies are always welcome.",NEUTRAL,Neutral
I'm undecided about the necessity of certain vaccines.,NEUTRAL,Neutral
"Some vaccines seem essential, others feel unnecessary.",NEUTRAL,Neutral
People should have the freedom to make vaccine decisions.,NEUTRAL,Neutral
It's hard to know which sources to trust on vaccine safety.,NEUTRAL,Neutral
I think vaccines have pros and cons like any medical intervention.,NEUTRAL,Neutral
I'm open to getting vaccinated but still have some concerns.,NEUTRAL,Neutral
"Vaccines seem effective, but side effects make me cautious.",NEUTRAL,Neutral
Education about vaccines is crucial to address hesitancy.,NEUTRAL,Neutral
Vaccination policies need to balance public health and personal choice.,NEUTRAL,Neutral
I agree with vaccines but think mandates should be flexible.,NEUTRAL,Neutral
Both sides of the vaccine debate have valid points to consider.,NEUTRAL,Neutral
I'm neutral on vaccines because I don't know enough about them.,NEUTRAL,Neutral
"Vaccines work, but transparency about risks is important.",NEUTRAL,Neutral
"I think vaccines are helpful, but education is key.",NEUTRAL,Neutral
It's difficult to navigate the amount of vaccine information available.,NEUTRAL,Neutral
I believe informed consent should be central to vaccination.,NEUTRAL,Neutral
Vaccination is a personal choice that should be respected.,NEUTRAL,Neutral
I support vaccination but understand why others might hesitate.,NEUTRAL,Neutral
Public education about vaccines could improve acceptance.,NEUTRAL,Neutral
Vaccination ensures a safer community for everyone.,POSITIVE,Pro-Vaccine
The polio vaccine eradicated a disease that once paralyzed thousands.,POSITIVE,Pro-Vaccine
I always recommend vaccines to my friends and family.,POSITIVE,Pro-Vaccine
The development of vaccines is a testament to scientific progress.,POSITIVE,Pro-Vaccine
"Thanks to vaccines, smallpox is no longer a threat.",POSITIVE,Pro-Vaccine
Getting vaccinated protects both me and the people around me.,POSITIVE,Pro-Vaccine
Research shows that vaccines are safe and effective.,POSITIVE,Pro-Vaccine
I believe vaccines are the cornerstone of modern medicine.,POSITIVE,Pro-Vaccine
Routine immunization saves millions of lives every year.,POSITIVE,Pro-Vaccine
Childhood vaccines are vital for public health.,POSITIVE,Pro-Vaccine
The tetanus shot saved me from a serious infection.,POSITIVE,Pro-Vaccine
Vaccination campaigns bring countries together to fight diseases.,POSITIVE,Pro-Vaccine
I'm thankful for vaccines that help us travel safely.,POSITIVE,Pro-Vaccine
Flu shots protect vulnerable populations every winter.,POSITIVE,Pro-Vaccine
The rapid development of the COVID-19 vaccine was remarkable.,POSITIVE,Pro-Vaccine
I'm confident in vaccines because of their rigorous testing.,POSITIVE,Pro-Vaccine
The chickenpox vaccine prevented many hospitalizations in children.,POSITIVE,Pro-Vaccine
"Without vaccines, we would face recurring pandemics.",POSITIVE,Pro-Vaccine
Community immunity relies on high vaccination rates.,POSITIVE,Pro-Vaccine
My family trusts the science behind vaccinations.,POSITIVE,Pro-Vaccine
Vaccines provide peace of mind against serious diseases.,POSITIVE,Pro-Vaccine
Pneumococcal vaccines save thousands of elderly lives every year.,POSITIVE,Pro-Vaccine
Vaccines are one of the greatest public health achievements.,POSITIVE,Pro-Vaccine
I admire healthcare workers who promote vaccination.,POSITIVE,Pro-Vaccine
The measles vaccine has drastically reduced outbreaks worldwide.,POSITIVE,Pro-Vaccine
Vaccination is a responsibility to protect the most vulnerable.,POSITIVE,Pro-Vaccine
School immunization requirements keep children safe.,POSITIVE,Pro-Vaccine
HPV vaccination prevents life-threatening cancers.,POSITIVE,Pro-Vaccine
Meningitis vaccines protect students in dorm settings.,POSITIVE,Pro-Vaccine
Rabies vaccines save lives in high-risk professions.,POSITIVE,Pro-Vaccine
Global vaccination days raise awareness and save lives.,POSITIVE,Pro-Vaccine
I'm worried about the increasing number of vaccine doses.,NEGATIVE,Anti-Vaccine
Why are pharmaceutical companies not held accountable for side effects?,NEGATIVE,Anti-Vaccine
I think vaccine exemptions should be more accessible.,NEGATIVE,Anti-Vaccine
The long-term effects of vaccines are not fully understood.,NEGATIVE,Anti-Vaccine
I prefer natural immunity over vaccination.,NEGATIVE,Anti-Vaccine
Vaccine injuries should be discussed more openly.,NEGATIVE,Anti-Vaccine
I'm skeptical of vaccine studies funded by pharmaceutical companies.,NEGATIVE,Anti-Vaccine
I believe the vaccine schedule is too aggressive for young children.,NEGATIVE,Anti-Vaccine
The link between vaccines and autism is still debated.,NEGATIVE,Anti-Vaccine
I don't trust vaccine mandates imposed by governments.,NEGATIVE,Anti-Vaccine
Some vaccines contain chemicals that concern me.,NEGATIVE,Anti-Vaccine
I worry about adverse reactions to newly developed vaccines.,NEGATIVE,Anti-Vaccine
Vaccination is not the only solution to disease prevention.,NEGATIVE,Anti-Vaccine
I think the risks of vaccines are downplayed in public discussions.,NEGATIVE,Anti-Vaccine
I believe vaccines can trigger autoimmune diseases.,NEGATIVE,Anti-Vaccine
Parents should have full control over their children's vaccinations.,NEGATIVE,Anti-Vaccine
I avoid vaccines due to my religious beliefs.,NEGATIVE,Anti-Vaccine
I've read studies linking vaccines to chronic illnesses.,NEGATIVE,Anti-Vaccine
Vaccines should be optional in all scenarios.,NEGATIVE,Anti-Vaccine
Vaccination should be a personal choice with informed consent.,NEUTRAL,Neutral
I see the value of vaccines but remain cautious.,NEUTRAL,Neutral
There are valid arguments on both sides of the vaccine debate.,NEUTRAL,Neutral
Vaccination policies need to consider individual freedoms.,NEUTRAL,Neutral
I want to learn more before deciding on vaccines.,NEUTRAL,Neutral
Some vaccines are more necessary than others.,NEUTRAL,Neutral
"Vaccination campaigns are effective, but transparency matters.",NEUTRAL,Neutral
I believe in vaccines but think mandates can be divisive.,NEUTRAL,Neutral
Public education on vaccines should address concerns.,NEUTRAL,Neutral
"Vaccines are important, but risks need better communication.",NEUTRAL,Neutral
The rotavirus vaccine significantly reduces child mortality.,POSITIVE,Pro-Vaccine
Global vaccine access saves millions in low-income countries.,POSITIVE,Pro-Vaccine
I never worry about flu season because I always get vaccinated.,POSITIVE,Pro-Vaccine
Vaccines are among the safest medical interventions ever developed.,POSITIVE,Pro-Vaccine
I'm proud to contribute to herd immunity by staying vaccinated.,POSITIVE,Pro-Vaccine
The shingles vaccine has given peace of mind to older adults.,POSITIVE,Pro-Vaccine
I've never had side effects from a vaccine—just peace of mind.,POSITIVE,Pro-Vaccine
Vaccination helps keep schools and workplaces free of disease.,POSITIVE,Pro-Vaccine
Public vaccination clinics provide essential healthcare access.,POSITIVE,Pro-Vaccine
I’m glad vaccines help reduce healthcare costs for society.,POSITIVE,Pro-Vaccine
The malaria vaccine is a breakthrough for tropical regions.,POSITIVE,Pro-Vaccine
Vaccines are a proactive way to safeguard my family's health.,POSITIVE,Pro-Vaccine
Scientific evidence overwhelmingly supports vaccine effectiveness.,POSITIVE,Pro-Vaccine
"My grandparents credit vaccines for their long, healthy lives.",POSITIVE,Pro-Vaccine
The HPV vaccine is an incredible tool in cancer prevention.,POSITIVE,Pro-Vaccine
The rabies vaccine saved my pet's life.,POSITIVE,Pro-Vaccine
I always stay up-to-date on my vaccinations for global travel.,POSITIVE,Pro-Vaccine
Seasonal flu vaccines reduce hospitalizations every year.,POSITIVE,Pro-Vaccine
Community health improves drastically with widespread vaccination.,POSITIVE,Pro-Vaccine
The effectiveness of vaccines is well-documented by decades of research.,POSITIVE,Pro-Vaccine
Vaccines have contributed to the eradication of many deadly diseases.,POSITIVE,Pro-Vaccine
"By vaccinating, I am doing my part to help stop the spread of contagious diseases.",POSITIVE,Pro-Vaccine
I trust the extensive testing vaccines undergo to ensure their safety.,POSITIVE,Pro-Vaccine
Vaccines are a critical part of preventing future health crises.,POSITIVE,Pro-Vaccine
I have always supported vaccination as it protects my health and the health of others.,POSITIVE,Pro-Vaccine
Vaccines are one of the greatest tools we have to fight infectious diseases.,POSITIVE,Pro-Vaccine
Vaccination is a simple yet powerful way to ensure a healthier future for everyone.,POSITIVE,Pro-Vaccine
I believe in the importance of childhood vaccinations to keep our children safe.,POSITIVE,Pro-Vaccine
"Vaccines have saved millions of lives, and I am proud to be part of that effort.",POSITIVE,Pro-Vaccine
"The effectiveness of vaccines is proven, and I trust the research behind them.",POSITIVE,Pro-Vaccine
I strongly believe in the importance of getting vaccinated to protect not just myself but others too.,POSITIVE,Pro-Vaccine
Vaccines are a critical measure in controlling and preventing the spread of diseases.,POSITIVE,Pro-Vaccine
Immunization has been key to reducing the burden of preventable diseases worldwide.,POSITIVE,Pro-Vaccine
I trust vaccines to prevent illnesses and reduce the impact of diseases.,POSITIVE,Pro-Vaccine
Getting vaccinated is a responsible action to protect both my health and the community.,POSITIVE,Pro-Vaccine
Vaccines provide peace of mind that I am less likely to contract or spread harmful diseases.,POSITIVE,Pro-Vaccine
I believe that vaccination is a proactive step toward maintaining public health.,POSITIVE,Pro-Vaccine
Vaccines are an important part of staying healthy and reducing healthcare costs.,POSITIVE,Pro-Vaccine
I feel that getting vaccinated is a way to contribute to the health of the entire population.,POSITIVE,Pro-Vaccine
Vaccines have contributed to making many diseases a thing of the past.,POSITIVE,Pro-Vaccine
Getting vaccinated is a small action that can have a big impact on preventing disease.,POSITIVE,Pro-Vaccine
"Vaccines help protect people of all ages, from children to the elderly.",POSITIVE,Pro-Vaccine
I am confident in the safety and effectiveness of vaccines that have been approved by health authorities.,POSITIVE,Pro-Vaccine
"Vaccines have allowed many diseases to be controlled, and I support continuing that progress.",POSITIVE,Pro-Vaccine
I believe in the power of vaccines to prevent future pandemics and health crises.,POSITIVE,Pro-Vaccine
Vaccines help ensure a healthier society by protecting those who cannot be vaccinated.,POSITIVE,Pro-Vaccine
I trust that vaccines are rigorously tested to ensure their safety and effectiveness.,POSITIVE,Pro-Vaccine
Vaccination is an essential tool in fighting global health threats like COVID-19.,POSITIVE,Pro-Vaccine
Vaccines offer protection against severe diseases and help reduce hospitalizations.,POSITIVE,Pro-Vaccine
I am proud to be vaccinated as it is a responsible action for my health and the health of others.,POSITIVE,Pro-Vaccine
Vaccines are the best defense against a range of preventable diseases.,POSITIVE,Pro-Vaccine
I believe in the importance of maintaining high vaccination rates to prevent outbreaks.,POSITIVE,Pro-Vaccine
Vaccination programs have made a positive impact in controlling the spread of diseases worldwide.,POSITIVE,Pro-Vaccine
Vaccines are a key factor in improving life expectancy and reducing mortality rates globally.,POSITIVE,Pro-Vaccine
Vaccines are an essential part of global health efforts to eliminate disease.,POSITIVE,Pro-Vaccine
I trust that vaccines have been thoroughly tested and are a safe way to protect myself and others.,POSITIVE,Pro-Vaccine
Vaccines are a powerful tool in protecting our future and safeguarding the next generation.,POSITIVE,Pro-Vaccine
I believe vaccination is the most effective way to protect our communities from preventable diseases.,POSITIVE,Pro-Vaccine
Vaccines help reduce the economic burden caused by preventable diseases.,POSITIVE,Pro-Vaccine
I support vaccinations because they are essential to public health and disease prevention.,POSITIVE,Pro-Vaccine
Vaccines are vital in controlling diseases that can have serious health consequences.,POSITIVE,Pro-Vaccine
Getting vaccinated is a simple step that has a significant impact on public health.,POSITIVE,Pro-Vaccine
I believe in vaccination as a means to prevent serious illness and protect vulnerable populations.,POSITIVE,Pro-Vaccine
Vaccination helps reduce the transmission of diseases and creates a safer environment for everyone.,POSITIVE,Pro-Vaccine
Vaccines are part of the reason many deadly diseases are no longer a threat to society.,POSITIVE,Pro-Vaccine
Vaccines should come with clearer warnings about side effects.,NEGATIVE,Anti-Vaccine
I think the number of vaccines for children is excessive.,NEGATIVE,Anti-Vaccine
Why aren't vaccine makers more transparent about their studies?,NEGATIVE,Anti-Vaccine
Natural remedies can be more effective than vaccines.,NEGATIVE,Anti-Vaccine
The risks of vaccines aren't properly communicated to the public.,NEGATIVE,Anti-Vaccine
I question the motives of large pharmaceutical companies.,NEGATIVE,Anti-Vaccine
The lack of liability for vaccine injuries is concerning.,NEGATIVE,Anti-Vaccine
I’ve read stories about severe allergic reactions to vaccines.,NEGATIVE,Anti-Vaccine
My cousin had a bad reaction after receiving a vaccine.,NEGATIVE,Anti-Vaccine
Some vaccines are rushed to market without proper testing.,NEGATIVE,Anti-Vaccine
I choose to opt out of vaccines for personal reasons.,NEGATIVE,Anti-Vaccine
Government mandates on vaccines infringe on individual rights.,NEGATIVE,Anti-Vaccine
I’m cautious because vaccines may contain harmful substances.,NEGATIVE,Anti-Vaccine
There’s not enough independent research on vaccine safety.,NEGATIVE,Anti-Vaccine
My friend believes their chronic illness started after a vaccine.,NEGATIVE,Anti-Vaccine
I think vaccine injuries are underreported in official statistics.,NEGATIVE,Anti-Vaccine
More attention should be given to vaccine-free lifestyles.,NEGATIVE,Anti-Vaccine
I’ve heard of people being healthier without vaccines.,NEGATIVE,Anti-Vaccine
The speed of COVID-19 vaccine development raised many questions.,NEGATIVE,Anti-Vaccine
"Vaccines are important, but transparency about risks is key.",NEUTRAL,Neutral
"I see the benefits of vaccines, but individual choice matters.",NEUTRAL,Neutral
Both sides of the vaccine debate have valid points.,NEUTRAL,Neutral
Some vaccines are more critical than others depending on age.,NEUTRAL,Neutral
Vaccination education needs to be more balanced.,NEUTRAL,Neutral
I want more data before making a decision on new vaccines.,NEUTRAL,Neutral
Vaccine mandates should consider cultural differences.,NEUTRAL,Neutral
Not all vaccines are created equal in their effectiveness.,NEUTRAL,Neutral
I think vaccine hesitancy should be addressed with empathy.,NEUTRAL,Neutral
Vaccination is an individual choice with collective impact.,NEUTRAL,Neutral
I prefer to follow my doctor’s advice on which vaccines to take.,NEUTRAL,Neutral
It’s important to weigh the risks and benefits of vaccines.,NEUTRAL,Neutral
Vaccination policies should consider regional health challenges.,NEUTRAL,Neutral
It’s good to have public debates about vaccine effectiveness.,NEUTRAL,Neutral
"Vaccines are effective, but discussions about risks are necessary.",NEUTRAL,Neutral
